main loop,capture device,detect Hands,draw Hands,show keyboards,parse landmarks,pressed buttons,create music frame,play music frame,calculate FPS,show image
0.6562166999999999,0.4942470000000001,0.07406299999999977,0.000942699999999963,0.0029117000000002946,3.849999999960829e-05,0.0003373999999998212,7.000000001866624e-07,5.00000000069889e-07,5.809999999994986e-05,0.06033389999999983
0.1034288000000001,0.0008447999999998679,0.09637470000000015,0.000636800000000104,0.0027133000000003626,4.080000000028505e-05,0.0003403999999997964,5.999999999062311e-07,7.000000001866624e-07,4.600000000021254e-05,0.000819499999999973
0.053446100000000385,0.0008927000000000795,0.04641669999999998,2.3999999996249244e-06,0.002721199999999868,6.5999999998567205e-06,2.2999999997885823e-06,8.000000000230045e-07,8.999999998593466e-07,5.750000000004363e-05,0.0011054999999999815
0.03675870000000003,0.0008683999999998804,0.02746399999999971,3.7999999999982492e-06,0.0038597000000000214,2.9999999999752447e-06,3.200000000092018e-06,9.999999996956888e-07,7.000000001866624e-07,5.599999999983396e-05,0.0011814000000001101
0.04854819999999993,0.0010547999999999114,0.03992970000000007,4.4000000003485695e-06,0.004546299999999892,3.3000000003724494e-06,3.099999999811587e-06,1.09999999997612e-06,8.999999998593466e-07,7.680000000043208e-05,0.0007673999999999737
0.054947399999999647,0.0011179999999999524,0.04744459999999995,3.5000000000451337e-06,0.0033159000000000383,2.8000000003025605e-06,2.4999999999053557e-06,8.999999998593466e-07,8.000000000230045e-07,6.349999999999412e-05,0.0007926999999998685
0.08026460000000002,0.0010911000000000115,0.07381219999999988,3.699999999717818e-06,0.0028177999999998704,2.600000000185787e-06,2.4000000000690136e-06,8.000000000230045e-07,8.000000000230045e-07,5.170000000020991e-05,0.0008979999999998434
0.13578749999999973,0.0008422000000001262,0.06356629999999974,0.0012443999999995903,0.0027862999999999083,6.4000000000064e-05,0.0006791999999999909,1.09999999997612e-06,0.06381879999999995,0.000124000000000013,0.0007182999999999495
0.10702550000000022,0.0012267999999999724,0.0968871,0.0022459999999999702,0.0027210000000001955,7.869999999998711e-05,0.0009610000000002117,1.3999999999292356e-06,0.00046720000000011197,6.329999999987734e-05,0.0008097000000000243
0.08130320000000024,0.00086990000000009,0.0709496999999999,0.0012876000000003884,0.00271739999999987,6.730000000043646e-05,0.0006719999999997839,1.1999999998124622e-06,0.000686400000000198,5.640000000006751e-05,0.0008372000000003155
0.0938289999999995,0.003248400000000373,0.0822687000000002,0.0018321999999999505,0.003154799999999902,6.769999999978182e-05,0.0007615999999996959,1.600000000046009e-06,5.999999999062311e-07,5.5099999999974614e-05,0.0007827000000002471
0.08561510000000006,0.0011441999999997066,0.0757809000000007,0.0014957000000004328,0.0030866000000004945,6.15999999995509e-05,0.0011089000000001903,1.1000000004202093e-06,5.5999999997169425e-06,5.0699999999181955e-05,0.0011689999999999756
0.08317979999999991,0.0009929999999993555,0.07372129999999988,0.001500599999999963,0.003474299999999708,7.980000000085141e-05,0.0007857000000006664,1.3000000000928935e-06,7.000000001866624e-07,4.930000000058499e-05,0.0007608000000001169
0.09034919999999946,0.0010114000000003287,0.07181660000000001,0.006903400000000559,0.006689599999999629,0.00011760000000027304,0.001110999999999862,2.099999999671809e-06,7.999999995789153e-07,4.940000000086542e-05,0.0007906000000001967
0.10145940000000042,0.0010700000000003485,0.09025280000000002,0.0019663000000003095,0.0031605999999992918,8.400000000019503e-05,0.0010925000000003848,1.4999999997655777e-06,0.0009369000000001293,0.00011790000000022616,0.0009750000000003922
0.11226830000000021,0.002027000000000001,0.09979030000000044,0.002481699999999698,0.0032967000000008184,9.220000000009776e-05,0.0011482000000002657,1.4999999997655777e-06,0.0008241999999993865,6.390000000067175e-05,0.0009095000000005626
0.11845309999999998,0.001299799999999962,0.10557069999999946,0.00258940000000063,0.0028087000000001083,0.00010030000000060824,0.0013847999999994087,1.7999999997186933e-06,0.0009527000000000285,6.10999999999251e-05,0.0012708999999997417
0.08961030000000036,0.0009737000000002993,0.08035879999999995,0.002032100000000092,0.002836900000000142,9.060000000005175e-05,0.001069399999999554,1.7999999997186933e-06,5.799999999389627e-06,5.05999999997897e-05,0.0007652000000000214
0.1356660999999999,0.0008563999999999794,0.12169749999999979,0.0036225999999999203,0.0033322000000000074,0.00015629999999955402,0.0019961999999997815,2.19999999995224e-06,0.0009411000000003611,6.180000000011177e-05,0.0009128999999994392
0.1278516000000005,0.0011461999999999861,0.11560620000000021,0.0027093000000002476,0.0029269000000002876,0.000111200000000089,0.0013328000000001339,1.7999999997186933e-06,0.0012074000000001917,5.3000000000302805e-05,0.0009094999999996745
0.13899089999999958,0.0016617999999999356,0.12232170000000053,0.0025732000000004973,0.0027181000000000566,0.00012940000000050134,0.0014655000000001195,2.099999999671809e-06,0.0010212000000002774,4.9200000000304556e-05,0.0015123999999993032
0.1795852999999994,0.002040899999999901,0.16143590000000074,0.004329799999999828,0.002882500000000121,0.00016670000000029717,0.002560800000000363,2.099999999671809e-06,0.0009272999999998532,5.5800000000161276e-05,0.0014085000000001457
0.1639785000000007,0.0019225000000000492,0.14063859999999995,0.011272499999999575,0.00443640000000034,0.00020829999999971704,0.0020484000000005054,2.9000000001389026e-06,0.00046059999999936707,8.510000000061524e-05,0.0006987000000000521
0.1967876999999998,0.0009996000000001004,0.1807944999999993,0.004645799999999589,0.0027135999999998717,0.0001758999999994515,0.00253559999999986,2.4999999999053557e-06,0.001532599999999995,8.980000000047283e-05,0.0008368000000000819
0.14692119999999953,0.002464300000000641,0.1312313999999999,0.0041007999999997935,0.0027432000000002787,0.00016990000000038918,0.002254999999999896,2.099999999671809e-06,0.0011407999999999419,5.6800000000301054e-05,0.0008533000000001678
0.1619427,0.0011269000000000418,0.14641989999999971,0.004192199999999424,0.003156099999999995,0.00016559999999987696,0.0022131999999999152,2.099999999671809e-06,0.0020215999999999568,5.429999999950752e-05,0.0008447000000000315
0.15336269999999974,0.001362400000000541,0.1362849000000006,0.005466000000000193,0.0030978000000008166,0.00016310000000085978,0.002188600000000207,2.19999999995224e-06,0.001980600000000443,6.349999999955003e-05,0.0008624999999993221
0.16235219999999995,0.0027428999999994375,0.1419522999999998,0.004621199999999881,0.002852899999999714,0.00016399999999983095,0.0023599999999994736,2.4999999999053557e-06,0.0031175999999994986,0.0005421999999999372,0.0010513000000003103
0.16616700000000062,0.002026700000000048,0.1491372000000002,0.0045511999999998665,0.002961999999999243,0.000168299999999455,0.0023837000000002107,2.19999999995224e-06,0.0011498000000003117,5.499999999969418e-05,0.0011609000000003533
0.1412779000000004,0.0010810000000001097,0.12609340000000024,0.004708799999999513,0.002645700000000417,0.0001677999999998292,0.0022730000000006356,2.19999999995224e-06,0.0015351000000007886,0.0001375999999995159,0.0008123999999991582
0.14292019999999983,0.0009622000000000241,0.12731290000000062,0.004100099999999607,0.002786200000000072,0.0001656999999992692,0.0024229000000000056,2.500000000793534e-06,0.00216700000000003,6.44999999996898e-05,0.0007995999999996783
0.16283229999999982,0.0019097999999999615,0.14672929999999962,0.0041413000000005695,0.003013100000000435,0.00015959999999992647,0.0023217999999998185,2.19999999995224e-06,0.001492800000000294,6.10999999999251e-05,0.0009042999999993029
0.1517262000000006,0.0015018000000006637,0.1349702000000006,0.003576400000000035,0.003111599999999548,0.00014120000000072963,0.0023172999999996335,2.099999999671809e-06,0.0021630999999997513,6.130000000048597e-05,0.0008492000000002164
0.19191469999999988,0.0028132000000002932,0.16596330000000048,0.004874499999999671,0.002973499999999518,0.00015230000000077126,0.002490499999999507,2.9999999995311555e-06,0.004309899999999978,6.959999999978095e-05,0.0016163999999996292
0.1466232999999999,0.0020151999999997727,0.1252405999999997,0.004957500000000614,0.003126199999999635,0.0001644000000000645,0.0025998999999998773,2.7999999998584713e-06,0.002072399999999419,6.199999999978445e-05,0.0014086999999998184
0.15623819999999977,0.0022793999999999315,0.1418171000000008,0.0036911000000001692,0.0028209999999999624,0.0001647000000000176,0.0021860999999994135,2.19999999995224e-06,0.0009394000000000347,5.810000000039395e-05,0.0008566999999999325
0.1598885000000001,0.001169100000000256,0.14618930000000052,0.0035746999999997087,0.0027749000000003576,0.00014180000000063586,0.002601399999999643,2.69999999957804e-06,0.0009310999999998515,7.250000000080803e-05,0.0007786000000002957
0.18041090000000004,0.0008881000000000583,0.16355330000000023,0.0046781000000004624,0.0026445000000006047,0.00016119999999997248,0.0025114000000003855,2.7000000004662184e-06,0.002095200000000297,5.560000000048859e-05,0.0009804000000004365
0.16720379999999935,0.005077100000000279,0.14673789999999975,0.005943900000000113,0.002900099999999739,0.00016330000000053246,0.0024914999999996468,2.4999999990171773e-06,0.0010741000000002998,5.600000000072214e-05,0.0011139999999993933
0.16318629999999956,0.0013243999999996703,0.14673789999999975,0.004606300000000729,0.0029354999999995357,0.0001585999999988985,0.0026744000000000767,2.8000000007466497e-06,0.0020588000000003603,6.409999999945626e-05,0.0008999000000002866
0.15986209999999978,0.0011821999999988009,0.14238760000000106,0.004582799999999665,0.0027732999999994234,0.00019630000000070424,0.0024367999999999057,2.3000000002326715e-06,0.0025817999999997454,6.359999999894228e-05,0.0011294999999993394
0.17325899999999983,0.002191299999999785,0.15391020000000033,0.0049085000000008705,0.0029954999999990406,0.00017660000000141451,0.0029063999999987544,3.299999999484271e-06,0.0028514999999984525,6.149999999927047e-05,0.0008669000000001148
0.16552840000000124,0.0018730000000015679,0.14705310000000082,0.0059032000000005524,0.002978700000001666,0.0001669999999993621,0.002747399999998734,3.300000001260628e-06,0.0024166999999994943,6.600000000034356e-05,0.0007622000000004903
0.15509579999999978,0.0010566000000000741,0.12910559999999904,0.011574599999999435,0.004371799999999482,0.0002481000000003064,0.003551299999999813,4.199999999343618e-06,0.001968699999999046,7.659999999987122e-05,0.0008514999999995609
0.1524529000000001,0.00126990000000049,0.13443920000000098,0.005544399999999783,0.0030108999999995945,0.0001610000000002998,0.0026439000000006985,2.9999999995311555e-06,0.0025744000000003098,6.20999999991767e-05,0.000852300000000028
0.16064519999999938,0.001618999999999815,0.1433503999999992,0.005166100000000284,0.0030815000000004034,0.0001687999999990808,0.002595799999999926,3.4000000006528808e-06,0.0016869999999986618,9.739999999958115e-05,0.0009326999999998975
0.18012059999999863,0.0028732999999991904,0.16054179999999896,0.005511900000000125,0.0029695000000007354,0.00015669999999978756,0.002696099999999646,3.4000000006528808e-06,0.0019082000000008037,5.920000000081416e-05,0.0011182999999999055
0.18242139999999907,0.0021414000000010702,0.1607019999999988,0.00535329999999945,0.003239899999998741,0.00017040000000001498,0.0025217000000008483,2.799999998970293e-06,0.0045439000000015994,6.740000000071689e-05,0.0011673999999999296
0.1518159999999984,0.0023929999999996454,0.13228680000000104,0.004707800000000262,0.00284380000000084,0.0001651999999996434,0.002933900000000378,2.69999999957804e-06,0.0013755999999993662,0.00011699999999947863,0.0016443999999999903
0.16029299999999935,0.0018213999999989738,0.14551799999999915,0.003962500000000091,0.0026777999999989532,0.00014719999999890376,0.002091300000000018,2.59999999840943e-06,0.0016555999999994242,6.470000000113885e-05,0.0009475999999999374
0.17118080000000013,0.001014400000000748,0.14938040000000008,0.005112300000000403,0.003166499999998962,0.00015679999999917982,0.0024012999999989404,3.5000000000451337e-06,0.0031949000000004446,6.489999999992335e-05,0.0011591000000006346
0.20025779999999926,0.0040887000000005,0.17747810000000008,0.004277200000000647,0.0031063000000006724,0.00016469999999912943,0.0034880000000008238,3.1000000006997652e-06,0.0021518999999994293,5.110000000030368e-05,0.0016386000000014889
0.15458319999999937,0.004115699999999833,0.13470239999999833,0.0048826999999995735,0.0030175000000003394,0.00016529999999903566,0.00272160000000099,3.6000000012137434e-06,0.001457900000000123,6.050000000001887e-05,0.0011790999999998775
0.16068250000000006,0.0011647999999997438,0.1421247000000001,0.004583000000000226,0.0031967000000001633,0.00013050000000092155,0.0019495999999996627,2.799999998970293e-06,0.0038087999999998345,0.00017680000000019902,0.00112269999999981
0.14653630000000106,0.0023596999999995205,0.13277899999999931,0.0030511999999998096,0.0026631000000012506,0.00012009999999840204,0.001832600000000184,2.099999999671809e-06,0.001119799999999671,6.500000000109196e-05,0.0011011999999990252
0.145683,0.0008324999999995697,0.13182010000000055,0.003439600000000098,0.002959800000001067,0.0001241000000007375,0.0019205000000006578,2.3999999996249244e-06,0.0020407000000002284,5.980000000072039e-05,0.0008579000000015213
0.18269300000000044,0.0010183999999995308,0.16752770000000083,0.003609400000000207,0.002790199999999743,0.0002268000000000825,0.0020895999999996917,2.000000000279556e-06,0.002559099999999148,6.929999999982783e-05,0.0008415999999993318
0.13476469999999985,0.0012358999999992903,0.1214151999999995,0.003251599999998689,0.00285339999999934,0.00033450000000101454,0.0016917000000002957,1.7999999997186933e-06,0.0012828000000002504,4.520000000063362e-05,0.0008708999999988976
0.14306520000000056,0.00144270000000013,0.13150689999999976,0.00329080000000026,0.002797600000000955,0.00012050000000130012,0.0015742999999996954,1.7999999997186933e-06,7.5999999999964984e-06,3.8200000000543355e-05,0.0007748000000002975
0.13385309999999961,0.001267299999998528,0.12101189999999917,0.003091599999999417,0.0027021000000004847,0.00012299999999854094,0.0015274000000005117,1.7000000003264404e-06,0.0015321999999997615,0.00011660000000013326,0.000913600000000514
0.16418789999999994,0.0016518000000012023,0.14828180000000124,0.004310800000000725,0.0032108999999991283,0.00015150000000119235,0.001792099999999408,2.2000000008404186e-06,0.0017805000000006288,0.0001011999999995794,0.0008555999999995123
0.1348868000000003,0.001369399999999743,0.11901559999999911,0.0040914999999994706,0.0028500999999998555,0.00013099999999965917,0.0015215000000008416,1.6000000009341875e-06,0.002064599999998862,4.950000000114585e-05,0.0009122000000001407
0.14517939999999996,0.0009306999999996179,0.13263719999999957,0.003061900000000506,0.002720599999999962,0.00012129999999999086,0.001828399999999064,1.900000000887303e-06,0.0009025999999998646,5.9600000000159525e-05,0.0008129999999990645
0.18283820000000084,0.0010633000000002113,0.1707011999999999,0.0029930999999994157,0.002636100000000141,0.00012520000000115772,0.0014345000000002273,6.99999999298484e-07,0.0015415000000000845,6.210000000095306e-05,0.0007881000000011795
0.1272114000000002,0.0008916000000009916,0.1175613000000002,0.0024613000000002216,0.002689499999998901,0.00010709999999924946,0.001214199999999721,7.999999986907369e-07,5.999999999062311e-07,4.230000000049472e-05,0.0007608999999995092
0.12492770000000064,0.0009487999999997498,0.11440260000000002,0.0030044999999994104,0.002896399999999133,0.00010609999999999786,0.0012682000000001636,8.999999998593466e-07,6.99999999298484e-07,4.5799999998763496e-05,0.0007321000000004574
0.1159675,0.0010104999999995812,0.10216070000000066,0.0027844999999988573,0.0027492999999996215,0.00014079999999871973,0.0012094000000004712,5.999999999062311e-07,8.999999998593466e-07,5.220000000072389e-05,0.0011036000000004265
0.12242160000000091,0.0018183000000000504,0.1107257999999991,0.002611299999999872,0.0026621000000002226,0.0001047000000014009,0.0011440000000000339,6.99999999298484e-07,5.999999999062311e-07,5.2500000000677005e-05,0.0008300999999999448
0.13011879999999998,0.0015131999999997703,0.11979389999999945,0.0023893000000008158,0.0026343000000004224,0.00010379999999976519,0.0012686999999989013,6.99999999298484e-07,5.999999999062311e-07,4.140000000063537e-05,0.0008301000000017211
0.1371493000000008,0.0008753999999999706,0.12351789999999951,0.005468400000001594,0.0033981000000000705,0.00011439999999929285,0.00127469999999974,1.0999999986438525e-06,5.999999999062311e-07,4.619999999988522e-05,0.0007777000000004364
0.1285457999999995,0.0009646999999990413,0.11713830000000058,0.003612099999999785,0.003060899999999478,0.00011190000000027567,0.0013062999999995384,5.999999999062311e-07,5.000000005139782e-07,4.350000000030718e-05,0.0008251000000001341
0.12670460000000006,0.0008680999999999273,0.1127110000000009,0.00242240000000038,0.002868999999998678,0.00011119999999920083,0.0011291999999993863,6.99999999298484e-07,6.99999999298484e-07,5.260000000006926e-05,0.0011879999999990787
0.13700889999999966,0.0017607000000001705,0.1250941999999995,0.002743200000001167,0.002894799999999975,0.0001068999999986886,0.0013220999999994376,7.000000010748408e-07,5.000000005139782e-07,4.489999999890415e-05,0.0008297000000005994
0.11737869999999972,0.0010086000000004702,0.10727119999999957,0.0026133000000001516,0.002875500000000031,0.00010239999999939187,0.001246400000001202,6.99999999298484e-07,1.0000000010279564e-06,5.469999999974107e-05,0.0007687000000000666
0.11599559999999975,0.000906199999999302,0.1053373999999998,0.002888600000000352,0.003051599999999155,0.00010280000000051359,0.001280899999999363,6.99999999298484e-07,5.999999999062311e-07,5.400000000044258e-05,0.0007851999999992643
0.16532360000000068,0.0010849000000003883,0.15401189999999865,0.003000399999999459,0.003166500000000738,0.00013069999999970605,0.0015131999999997703,6.99999999298484e-07,5.999999999062311e-07,5.390000000105033e-05,0.0007771000000005301
0.1403560000000006,0.0009228999999990606,0.13000960000000106,0.00285929999999901,0.002853999999999246,0.00011139999999976169,0.0013134999999984132,8.000000004670937e-07,7.000000010748408e-07,4.609999999871661e-05,0.0007804999999994067
0.13388870000000175,0.0008411999999999864,0.12172610000000006,0.0029634999999998968,0.002613499999998936,0.00011799999999873023,0.0015350999999999004,1.1999999998124622e-06,0.0014266000000002776,7.810000000141315e-05,0.0009349000000007379
0.20152459999999905,0.0013980000000000103,0.18514050000000104,0.006079400000000845,0.0029447000000004664,0.0001781000000011801,0.0023014999999997343,1.299999999204715e-06,0.0009714000000009548,5.2900000000022374e-05,0.0007407000000014818
0.11131959999999985,0.0013030000000000541,0.09893120000000089,0.002953900000001397,0.002940399999999954,0.00012740000000022178,0.0015164000000016387,1.300000000981072e-06,0.0009423000000001736,6.86999999999216e-05,0.0008017000000002383
0.14582430000000102,0.0015447999999995687,0.12919069999999877,0.003366200000000319,0.0027822999999997933,0.00012189999999989709,0.001689400000000063,1.5999999991578306e-06,0.0009467999999994703,4.820000000016478e-05,0.0012141000000003288
0.1545223999999994,0.00198299999999918,0.13707010000000075,0.004051699999999769,0.0026844999999990904,0.00040170000000117057,0.0022580999999988194,1.4000000003733248e-06,0.0009138000000010749,6.0100000000673504e-05,0.0014177999999986923
0.17033780000000043,0.002798200000000861,0.15527849999999965,0.0036538999999997657,0.0029631000000005514,0.00014990000000025816,0.001893999999998286,1.7000000003264404e-06,0.0009799000000008107,6.050000000001887e-05,0.0008783000000001095
0.13157430000000048,0.0010028999999995847,0.11851849999999864,0.003792400000000029,0.002925900000001036,0.00012909999999877186,0.001974299999998763,1.7999999997186933e-06,0.0005962000000003798,5.72000000005346e-05,0.0007984000000007541
0.16230809999999884,0.0009489999999985343,0.1502745000000001,0.003638200000001035,0.0027492000000002292,0.00014269999999960703,0.002299799999999408,2.099999999671809e-06,6.8000000013057615e-06,7.390000000029318e-05,0.0007319999999992888
0.14773430000000154,0.0008282000000008338,0.13599610000000162,0.0033121999999998764,0.003024899999999775,0.00011379999999938661,0.0016606999999986272,1.4000000003733248e-06,5.999999999062311e-07,4.979999999932261e-05,0.0006742000000006243
0.12468780000000024,0.0010797000000000168,0.113969599999999,0.002691000000000443,0.002950999999999482,0.00010850000000139914,0.0013116999999986945,1.4000000003733248e-06,7.000000010748408e-07,6.450000000057798e-05,0.0009087000000000955
0.1233632,0.0009195000000001841,0.11198760000000085,0.0032125000000000625,0.0032093999999993628,0.00014360000000124273,0.001520000000001076,1.4999999997655777e-06,8.000000004670937e-07,5.269999999946151e-05,0.0008143000000000455
0.16128300000000095,0.000892000000000337,0.14222819999999992,0.00406369999999967,0.0028349999999992548,0.00014059999999993522,0.0022602000000002676,1.7999999997186933e-06,0.0014628000000005414,6.259999999969068e-05,0.0011159000000002806
0.18757210000000057,0.001975500000000352,0.17189220000000027,0.003997500000000542,0.0030839000000000283,0.00013779999999918857,0.0020556000000002683,1.6000000009341875e-06,0.0013901000000000607,5.859999999913157e-05,0.0007589999999986219
0.16012030000000088,0.0008730000000003457,0.1448748000000002,0.005196400000000878,0.003765700000000649,0.00017460000000113496,0.0022923999999999722,2.1000000014481657e-06,8.999999998593466e-07,6.559999999922184e-05,0.0007692000000005805
0.14356530000000056,0.0010782999999996434,0.1321543000000016,0.002970200000000034,0.0030709000000008757,0.00013609999999886213,0.0016503999999990526,1.399999998596968e-06,8.999999998593466e-07,4.879999999829465e-05,0.0007431000000011068
0.14507060000000038,0.0008347999999998024,0.1331571000000018,0.003604899999999134,0.003267099999998635,0.00013370000000278992,0.001739400000001723,1.5000000033182914e-06,8.000000022434506e-07,5.319999999997549e-05,0.0007207999999998549
0.14135659999999817,0.000896099999998512,0.12737330000000213,0.004074400000000367,0.0031700000000007833,0.00013259999999704064,0.001798499999999592,1.999999998503199e-06,0.001321900000000653,0.00012680000000031555,0.0007850000000004798
0.1261074000000022,0.0009111999999973364,0.11510570000000087,0.002940000000002385,0.0028252000000001942,0.00018099999999776628,0.0017024000000027684,1.7999999997186933e-06,6.700000000137152e-06,4.359999999792308e-05,0.0009287999999969543
0.1615649000000019,0.0008667999999971698,0.1484021999999996,0.0040322000000010405,0.0026769000000008703,0.00014570000000091454,0.0022140999999997746,1.900000000887303e-06,7.999999986907369e-07,6.079999999997199e-05,0.0007343999999989137
0.1431166000000026,0.001022300000002474,0.13180920000000285,0.0034691999999978407,0.0028936999999977786,0.00011939999999910356,0.0016111000000016418,1.6000000009341875e-06,5.999999999062311e-07,4.7999999999603915e-05,0.000733999999997792
0.17417449999999945,0.000876800000000344,0.16099520000000211,0.004025799999997304,0.0030737000000016224,0.0001563999999980581,0.0025259000000019682,2.3000000020090283e-06,1.0000000010279564e-06,0.00011549999999971305,0.0007970000000021571
0.13101749999999868,0.0009313000000013005,0.11983189999999766,0.0031867999999981578,0.002869100000001623,0.00013239999999825613,0.0017355999999999483,1.8999999973345894e-06,9.000000034120603e-07,4.4900000002456864e-05,0.0007878000000012264
0.15125690000000347,0.0009323999999999444,0.13732410000000073,0.0038444999999995844,0.0036792999999981646,0.00015499999999946112,0.002410199999999918,1.999999998503199e-06,7.000000010748408e-07,7.349999999917145e-05,0.0007820000000009486
0.18451800000000063,0.0011094999999983202,0.16490729999999942,0.005084799999998779,0.003196100000000257,0.00018069999999781317,0.002714100000002162,2.3000000020090283e-06,0.002188000000000301,0.0010383999999987736,0.0010799000000005776
0.1589704999999988,0.0015818999999979155,0.14198570000000288,0.005449599999998611,0.003697400000000073,0.00019680000000121822,0.002689900000000023,2.2000000008404186e-06,0.0009979000000015503,6.910000000104333e-05,0.0006945999999992125
0.16395479999999907,0.0010822000000025866,0.15030589999999933,0.004752499999998605,0.0028490000000012117,0.00016280000000179484,0.00244599999999906,2.099999999671809e-06,7.000000010748408e-07,5.3899999997497616e-05,0.0008033000000011725
0.15412620000000032,0.0008410999999988178,0.1300077999999978,0.011607900000001337,0.004382500000001954,0.0002402000000003568,0.003511899999999457,2.3999999996249244e-06,0.0004939000000021565,0.00015729999999791744,0.0007821000000021172
0.1468108000000008,0.0010070000000013124,0.13328230000000119,0.004449600000000942,0.0026845999999984826,0.0004404999999998438,0.002334900000001028,1.7999999997186933e-06,6.8000000013057615e-06,5.769999999927222e-05,0.0010957000000004768
0.15033969999999997,0.0010346999999981676,0.13674990000000165,0.00407380000000046,0.003027599999999353,0.000165800000001326,0.002393300000001375,1.7000000021027972e-06,5.999999999062311e-07,5.459999999857246e-05,0.001141999999997978
0.1632175000000018,0.0009564999999973622,0.14970369999999988,0.0050309999999988975,0.003046799999999905,0.00016919999999842616,0.0021330000000006066,1.7999999997186933e-06,8.000000022434506e-07,4.910000000180048e-05,0.0007243999999992923
0.15388540000000006,0.0008671999999982916,0.13935689999999923,0.005692499999998546,0.0031040999999980556,0.0001660000000001105,0.0021556000000018116,2.2000000008404186e-06,7.300000000043383e-06,4.76999999996508e-05,0.0010481000000019947
0.14564969999999988,0.0008758000000028687,0.13232460000000046,0.004827999999999832,0.0026629000000006897,0.0001658999999989419,0.002315200000001738,1.999999998503199e-06,6.999999975221272e-07,5.120000000147229e-05,0.0007580000000011466
0.14701050000000038,0.0010763000000011402,0.1338095999999993,0.004119899999999177,0.0027200000000000557,0.00022210000000200125,0.002853999999999246,2.2000000008404186e-06,7.300000000043383e-06,5.15999999990413e-05,0.0007396999999969012
0.1493475999999987,0.0009271999999995728,0.13416520000000176,0.005011899999999514,0.003023899999998747,0.000158400000000114,0.0022570000000001755,2.3999999996249244e-06,0.000942999999999472,5.790000000160944e-05,0.0009608999999990431
0.16900079999999917,0.0012366000000021415,0.15488969999999824,0.004237700000000899,0.002884700000002738,0.0001620999999971673,0.002369699999999142,2.1000000032245225e-06,0.000524899999998496,0.00012860000000003424,0.000821099999999575
0.1631834000000012,0.0014395999999976539,0.14848839999999797,0.004949799999998561,0.0030564999999995734,0.0005305999999976052,0.002395300000003431,2.3999999996249244e-06,7.099999997706163e-06,4.980000000287532e-05,0.0007928999999968767
0.14866639999999975,0.0009761000000025888,0.1343937000000004,0.005094199999998494,0.0031470000000020093,0.00017000000000066962,0.0025820000000003063,2.69999999957804e-06,7.200000002427487e-06,5.649999999945976e-05,0.0007428000000011536
0.14743239999999957,0.0009246999999987793,0.13387089999999802,0.004602099999999609,0.00299580000000077,0.00016289999999941074,0.0024363000000029444,2.9999999995311555e-06,8.000000022434506e-07,5.4900000002078286e-05,0.0008240999999991061
0.15644299999999944,0.0009468999999988625,0.1386548000000012,0.007870099999998104,0.0033652000000010673,0.00026199999999931833,0.0030025000000009072,2.59999999840943e-06,7.899999999949614e-06,6.259999999969068e-05,0.0007216999999997142
0.1715871,0.0011095000000018729,0.15820409999999896,0.004552799999999024,0.00281829999999772,0.00016169999999959828,0.0023911999999981504,2.2999999984563146e-06,7.899999999949614e-06,4.4700000000119644e-05,0.0007392999999993322
0.16012629999999817,0.0010259999999995273,0.14473190000000002,0.005944799999998196,0.003261900000001816,0.00017300000000020077,0.0025934999999996933,3.1999999983156613e-06,8.100000002286833e-06,5.050000000039745e-05,0.0007412999999978354
0.18429240000000036,0.0011116999999991606,0.16460280000000083,0.00628380000000206,0.004142500000000382,0.00021819999999905804,0.0032776000000005467,3.499999998268777e-06,0.0006764000000032411,7.919999999828065e-05,0.0008799999999986596
0.15176250000000024,0.0013618999999991388,0.1365774999999978,0.00441939999999974,0.002859300000000786,0.00016279999999824213,0.0024715000000021803,2.500000000793534e-06,0.0014495999999972753,6.379999999950314e-05,0.0007801999999976772
0.16760909999999996,0.0011475000000018554,0.1498954000000019,0.005417800000000028,0.0028237000000004286,0.00017199999999917281,0.0023452999999982183,2.9999999995311555e-06,0.000524899999998496,6.449999999702527e-05,0.0016794999999980575
0.17822940000000287,0.0010158000000011214,0.1567941000000026,0.008013800000000515,0.004168199999998734,0.00024919999999895026,0.0037011999999982947,3.6999999970532826e-06,0.0007900999999996827,8.470000000215805e-05,0.0009461000000001718
0.16491919999999993,0.0012164999999981774,0.1481921999999969,0.00512939999999773,0.0033415000000012185,0.00016969999999716379,0.0027612000000019066,2.9999999995311555e-06,0.001180800000000204,8.169999999907418e-05,0.0008469000000026483
0.19081079999999773,0.0011921999999984223,0.17051779999999894,0.005880499999999955,0.002961100000000272,0.00016910000000081027,0.0032111999999990815,2.9999999995311555e-06,0.0005366000000002202,5.319999999997549e-05,0.0012222000000008393
0.1667184000000006,0.002623599999999726,0.1509900999999978,0.004309299999999183,0.0029564999999998065,0.00017090000000052896,0.0024857000000011453,2.69999999957804e-06,0.0004692999999988956,0.00012680000000031555,0.0008575999999997919
0.153116899999997,0.0012959999999999638,0.13542990000000188,0.0048002999999994245,0.003317700000000201,0.000457300000000771,0.0027919999999994616,6.8000000013057615e-06,0.001860000000000639,7.039999999847169e-05,0.0007637000000002558
0.16581889999999788,0.0011332999999993376,0.14849279999999965,0.004284600000001859,0.0027554999999992447,0.00016250000000184173,0.0025268999999994435,2.400000003177638e-06,0.0028791999999988604,7.340000000155555e-05,0.0008061999999995351
0.19340210000000013,0.0028836000000005413,0.17129110000000125,0.006280400000001407,0.0030815000000004034,0.0001792999999992162,0.003354500000000371,3.1000000006997652e-06,0.0030666000000003635,9.879999999995448e-05,0.0009639999999997428
0.1765707999999968,0.0017696999999969876,0.15578789999999998,0.0063687000000030025,0.003645699999999863,0.000208099999998268,0.002799299999999505,2.600000001962144e-06,0.0033247000000002913,6.740000000249324e-05,0.000759900000002034
0.1558786000000012,0.0012515999999997973,0.1345207999999971,0.0064441999999971245,0.004708199999999607,0.0002665999999997837,0.0034509000000007006,3.4000000006528808e-06,0.0009578999999995119,9.610000000037644e-05,0.0007987000000007072
0.14653129999999948,0.0012873999999989394,0.12998250000000056,0.004896299999998632,0.003130599999998651,0.0001659000000024946,0.0024130999999982805,2.59999999840943e-06,0.0012518999999997504,6.69999999978188e-05,0.0007795000000001551
0.15376309999999904,0.0012058000000010338,0.13444100000000248,0.006398400000001914,0.004060199999997849,0.000238499999998254,0.0034306000000015047,3.299999999484271e-06,0.0007231000000018639,8.890000000150167e-05,0.0008725999999974476
0.1660232999999991,0.0012793000000002053,0.14970960000000133,0.004264100000000326,0.002902200000001187,0.0004500000000007276,0.002462200000000081,2.2999999984563146e-06,0.0016618000000008237,5.930000000020641e-05,0.001142299999997931
0.1623119000000024,0.0020287999999979434,0.14444110000000165,0.0051147000000000276,0.0031368999999976666,0.00017109999999931347,0.0024113999999997304,2.500000000793534e-06,0.0017585999999987223,9.519999999696438e-05,0.0009066000000004237
0.15907800000000094,0.0014189999999985048,0.14438420000000107,0.004246099999999586,0.0028106000000001075,0.0001619000000019355,0.0024130999999982805,2.500000000793534e-06,0.000957800000001896,5.9000000000253294e-05,0.0008272999999974218
0.15936489999999992,0.001303700000001129,0.14185669999999817,0.005123400000002221,0.0034017999999989,0.0002061999999973807,0.0035874999999983004,4.099999998175008e-06,0.000542400000000498,0.00010950000000065074,0.0008942000000011774
0.1699366999999974,0.0014447999999980254,0.15209520000000154,0.005483300000001634,0.003266799999998682,0.00045460000000119294,0.0033004000000005362,3.7000000006059963e-06,0.0007073999999995806,7.940000000061787e-05,0.0008182999999988283
0.1775911999999984,0.005468400000001594,0.1558647999999998,0.005128500000001424,0.003218799999999078,0.00019029999999986558,0.003116399999999686,3.5999999994373866e-06,0.001843799999999618,0.00014009999999942124,0.0007830999999995925
0.16643390000000124,0.0012648000000012871,0.14793219999999963,0.006793500000000563,0.00337989999999877,0.00019680000000121822,0.002845999999998128,3.000000003083869e-06,0.0009596999999992306,0.00015159999999880824,0.0010374000000012984
0.1667529000000023,0.00116599999999778,0.1524957000000029,0.004355999999997806,0.0026481000000018184,0.0001640999999992232,0.0024860000000010984,2.8000000007466497e-06,0.0008218000000006498,0.0001566999999980112,0.001048099999998442
0.1501045999999988,0.0009104000000021983,0.13180740000000313,0.0035577999999993892,0.00261459999999758,0.00014209999999792444,0.0023704000000002168,3.299999999484271e-06,0.0013324000000025649,6.359999999716592e-05,0.0012778000000004397
0.15625040000000112,0.002882400000000729,0.13912739999999957,0.0035715000000031694,0.002742900000001214,0.00016049999999978581,0.002271000000000356,2.600000001962144e-06,0.0013022000000013634,6.10999999999251e-05,0.0013019999999990262
0.15483169999999902,0.001332099999999059,0.1406343000000021,0.004407399999998063,0.0031335000000005664,0.00015700000000151704,0.0024822000000028765,3.1999999983156613e-06,9.00000000214618e-06,5.72999999981505e-05,0.0007243000000016764
0.15962060000000022,0.0010700999999997407,0.14574409999999816,0.0039031000000022686,0.0029925999999989017,0.00014739999999946463,0.0020647000000018068,2.59999999840943e-06,0.000914999999999111,6.30000000008124e-05,0.0008737999999972601
0.17257399999999734,0.001367599999998248,0.15646860000000018,0.004709800000000541,0.003555099999999811,0.0001545999999983394,0.00223529999999883,2.8000000007466497e-06,0.0014532000000002654,6.249999999852207e-05,0.0009209000000005574
0.17378379999999893,0.0011183000000016818,0.1589691000000002,0.004669100000000981,0.0028544999999979837,0.00018019999999907554,0.002693299999997123,2.8999999983625457e-06,0.0006374999999998465,6.47000000029152e-05,0.000801199999997948
0.17378859999999818,0.0011398000000006903,0.15440599999999804,0.007162300000000954,0.003986799999999846,0.00020830000000060522,0.0029595000000028904,2.8999999983625457e-06,0.0010145000000001403,6.520000000165282e-05,0.000839900000002558
0.1447649999999996,0.00124150000000256,0.13055410000000123,0.0048282999999997855,0.0028332999999989283,0.00017310000000136938,0.002687500000000398,2.8000000007466497e-06,8.299999997518626e-06,5.6799999999412876e-05,0.0006810000000001537
0.15457939999999937,0.0012006999999982781,0.13675939999999898,0.004752599999999774,0.003995299999999702,0.00018099999999776628,0.002820599999999729,3.4000000006528808e-06,0.0011235000000020534,8.490000000094255e-05,0.0009255000000010227
0.18801870000000065,0.0016376000000022373,0.16996360000000266,0.005415899999999141,0.003909099999997778,0.00019400000000047157,0.0029973000000005356,3.200000001868375e-06,0.0009005000000001928,0.0001527999999986207,0.0008206000000008373
0.2194515000000017,0.0011450999999986777,0.20070859999999868,0.0052427999999977715,0.003061399999999992,0.000204000000000093,0.0035071000000002073,3.5000000018214905e-06,0.0013897999999983313,5.450000000095656e-05,0.0013764999999992256
0.15890380000000093,0.0011681999999986203,0.14322370000000006,0.004493300000000033,0.003036099999999209,0.00019700000000000273,0.0031581000000002746,3.1000000006997652e-06,0.0010100999999984595,7.599999999996498e-05,0.0007661999999974967
0.18384969999999967,0.0010141999999966345,0.16669990000000112,0.004996199999997231,0.003030300000002484,0.0005024000000020123,0.0029935999999999297,3.200000001868375e-06,0.0015141999999990219,7.000000000090267e-05,0.0008218000000006498
0.16582919999999746,0.0011931000000018344,0.14811960000000113,0.004750300000001317,0.003415600000000296,0.00019900000000205864,0.0038508999999997684,4.000000000559112e-06,0.0010045999999981348,6.929999999982783e-05,0.0007846000000029107
0.18099619999999916,0.0012380000000007385,0.15736989999999906,0.010101900000002217,0.004448199999998792,0.00023619999999979768,0.004079100000002001,4.200000002896331e-06,0.0005762000000011369,6.070000000235609e-05,0.000733200000002654
0.15962610000000055,0.0012016000000016902,0.14179010000000147,0.005071000000000936,0.0032594000000010226,0.00018549999999706301,0.0027913999999995553,2.9999999995311555e-06,0.0017062000000009903,0.00015159999999880824,0.0008152000000016812
0.18025520000000128,0.0013100000000001444,0.1641931999999997,0.004896300000002185,0.0032664999999987288,0.00042790000000181294,0.0026295999999987885,3.3000000030369847e-06,0.0008964999999996337,6.899999999987472e-05,0.0007726999999988493
0.16862229999999911,0.0011305000000021437,0.1534052999999993,0.004966299999999535,0.0030140000000002942,0.00016529999999903566,0.002445000000001585,3.4000000006528808e-06,0.0010346999999981676,5.670000000179698e-05,0.0008279999999984966
0.16453260000000114,0.0010065000000025748,0.15031719999999993,0.004318400000002498,0.002861700000000411,0.000146900000000727,0.0021780000000006794,2.9999999995311555e-06,0.0012322000000004607,6.469999999936249e-05,0.0009394999999976505
0.2508264000000011,0.0009155999999990172,0.22909250000000014,0.0076593999999978735,0.004006099999998014,0.00023159999999933234,0.003033999999999537,3.5000000018214905e-06,0.0024727999999996086,5.15999999990413e-05,0.0008142000000006533
0.13699880000000064,0.0015722999999994158,0.122837999999998,0.0038947000000000287,0.0029233999999966898,0.0001545999999983394,0.002117600000001829,2.9000000019152594e-06,0.0009434000000005938,8.330000000000837e-05,0.0007532000000018968
0.17771089999999745,0.0012462999999982571,0.15434079999999994,0.01039959999999951,0.0048245999999991795,0.00021079999999784604,0.0025711000000008255,3.499999998268777e-06,0.0011399999999994748,6.899999999987472e-05,0.0008741999999983818
0.14788839999999936,0.001268599999999509,0.13517080000000092,0.0032662999999999442,0.00267830000000302,0.00012549999999933448,0.0014241000000012605,1.7999999997186933e-06,0.0009853999999975827,0.0001238999999984003,0.0009534000000002152
0.18412240000000324,0.0010386000000011109,0.17009520000000222,0.004481599999998309,0.0031084999999997365,0.00015239999999749898,0.0015377000000000862,1.6999999985500835e-06,0.0012538000000006377,5.579999999838492e-05,0.0008170999999990158
0.15485859999999718,0.0012188000000001864,0.13455300000000037,0.007821599999999762,0.004899800000000454,0.000204399999997662,0.0020020000000009475,3.1000000006997652e-06,9.999999999621423e-06,0.0001239999999995689,0.0008152999999992971
0.18188909999999936,0.0011907999999998253,0.16894920000000013,0.0041271000000016045,0.002752399999998545,0.00014240000000143027,0.0015937000000008084,2.099999999671809e-06,0.0005781999999996401,5.610000000189075e-05,0.0008207000000020059
0.16590289999999897,0.001101399999999586,0.15214650000000063,0.004508600000001195,0.003261600000001863,0.00014089999999811198,0.0015456999999976517,2.2999999984563146e-06,0.0005236000000010677,7.670000000103983e-05,0.0008593000000018947
0.20322940000000145,0.0009681999999990865,0.18794639999999774,0.004599800000001153,0.0028846000000015692,0.00018060000000019727,0.00183099999999925,2.500000000793534e-06,0.001270299999998059,9.290000000206078e-05,0.0007705999999991775
0.16460200000000214,0.0012943000000014138,0.15029660000000078,0.005044100000002771,0.0028173000000002446,0.00016630000000006362,0.0016483000000029335,2.2000000008404186e-06,0.0005735999999991748,6.0200000000065756e-05,0.0008251000000001341
0.17362380000000144,0.0010627999999996973,0.16077770000000058,0.0035553999999997643,0.00280169999999913,0.00015090000000128612,0.0014089999999988834,2.600000001962144e-06,0.0014089000000012675,6.319999999959691e-05,0.0007865999999978612
0.18715080000000128,0.001050000000002882,0.17193659999999866,0.0054034999999998945,0.0027988999999983832,0.00017689999999959127,0.0012214999999997644,1.900000000887303e-06,0.0016463999999984935,5.780000000044083e-05,0.0009945999999985133
0.18577319999999986,0.0010452000000000794,0.1698871000000004,0.005662499999999682,0.0035235999999976286,0.0003527999999981546,0.001538400000001161,2.500000000793534e-06,0.0006159999999972854,7.700000000099294e-05,0.0008125000000021032
0.16868870000000058,0.0011165000000019631,0.15359209999999734,0.004755299999999352,0.002706799999998566,0.00015929999999997335,0.0012758999999995524,1.8999999973345894e-06,0.0009028999999998177,0.00011909999999915044,0.0012711000000003025
0.14971900000000105,0.0011055999999989297,0.13440789999999936,0.004907599999999235,0.0029023999999999717,0.0004766000000024917,0.0016646000000015704,2.2999999984563146e-06,0.0005221000000013021,6.240000000090618e-05,0.0008903999999994028
0.17729639999999947,0.0010861000000019772,0.16163169999999738,0.005904600000000926,0.0033412999999988813,0.0002455999999995129,0.001742799999998823,2.2000000008404186e-06,0.0006176999999993882,0.00014340000000245823,0.0007790000000014174
0.14118840000000077,0.0009550000000011494,0.1266697999999984,0.005423199999999184,0.0029111000000021647,0.00017099999999814486,0.0015098000000008938,2.0000000020559128e-06,0.000925099999999901,0.00012710000000026866,0.0008305000000028429
0.1802855000000001,0.0012239999999970053,0.16452040000000068,0.005938700000001518,0.003253600000000745,0.00018430000000080327,0.001821800000001872,2.099999999671809e-06,0.0005573000000005379,0.00016529999999903566,0.0008439999999971803
0.14317020000000014,0.0012915000000006671,0.12823850000000192,0.004939399999997818,0.003207399999997307,0.000165800000001326,0.0015046000000005222,2.2000000008404186e-06,0.001334100000001115,5.799999999922534e-05,0.0008447999999994238
0.17014899999999855,0.0012804000000024018,0.15507789999999844,0.004405599999998344,0.0029764000000014335,0.00019729999999995584,0.0013784000000001129,2.2000000008404186e-06,0.0008893000000007589,0.0001258999999969035,0.0012362000000010198
0.1580042000000006,0.0011310999999984972,0.14507700000000057,0.004082600000000269,0.0028004999999993174,0.00016810000000333503,0.0014630999999987182,1.999999998503199e-06,0.0007801000000000613,6.550000000160594e-05,0.001013600000000281
0.16541210000000106,0.0008451999999969928,0.1454872000000016,0.006647600000000864,0.004390799999999473,0.00026980000000165205,0.0028062999999995952,3.1000000006997652e-06,0.0016464999999996621,9.589999999803922e-05,0.0008505999999997016
0.16937670000000082,0.0013030000000000541,0.15000459999999904,0.0043601000000030865,0.0027238000000018303,0.00016800000000216642,0.0019183999999974333,2.59999999840943e-06,0.0009557999999998401,9.7200000002573e-05,0.001468899999998996
0.16608910000000066,0.002081199999999228,0.1426361000000007,0.010441100000001313,0.004454200000001407,0.00025069999999871584,0.002744500000002148,2.799999997193936e-06,0.0006547000000018954,6.86999999999216e-05,0.0008348999999974183
0.19140030000000152,0.0013146000000006097,0.17020690000000016,0.006754400000001937,0.0042196000000025435,0.0002387999999982071,0.003248400000000373,3.800000001774606e-06,0.001708699999998231,7.889999999832753e-05,0.0009636000000021738
0.17051879999999997,0.0016145000000022947,0.15372540000000257,0.0050995999999976505,0.003601199999998528,0.0001967999999976655,0.0023049999999997794,2.199999997287705e-06,0.001329000000001912,7.940000000061787e-05,0.0010292000000013957
0.16128229999999988,0.001010199999999628,0.14502680000000012,0.004161400000000981,0.0030652000000017665,0.0001621999999983359,0.0017558000000015284,2.2000000008404186e-06,0.0014748000000004424,0.00011869999999802872,0.0012907000000019764
0.1843792999999998,0.0011171000000018694,0.1623353999999999,0.008287899999999127,0.0038941000000001225,0.00023410000000012587,0.0026403000000030374,3.1000000006997652e-06,0.0022991000000018857,7.540000000005875e-05,0.0007654000000023586
0.155698000000001,0.0012117000000024802,0.13662180000000035,0.006133899999998249,0.004313700000000864,0.0001908999999997718,0.0022611000000019033,2.8999999983625457e-06,0.0018583999999997047,7.400000000146179e-05,0.0008787000000012313
0.18172860000000313,0.0012832000000031485,0.16442449999999909,0.00619869999999878,0.0035312000000047306,0.00021329999999863958,0.002278199999999231,2.6999999960253263e-06,0.0009168999999999983,9.820000000360096e-05,0.0009033000000044922
0.18465429999999827,0.0012384999999994761,0.16643849999999816,0.005141500000000576,0.0030309000000059427,0.0001928000000006591,0.003029300000001456,3.200000001868375e-06,0.0018643999999952143,0.00010329999999925121,0.0010340999999982614
0.17919210000000163,0.0014959000000018818,0.15966630000000492,0.005522699999993108,0.003716699999998241,0.00015130000000596056,0.0022512999999975136,4.799999999249849e-06,0.0031727000000003613,9.690000000261989e-05,0.0008037999999999101
0.17471330000000052,0.0012528999999972257,0.1514066000000014,0.00482629999999773,0.004218399999999178,0.00023520000000587515,0.0045405999999985625,3.900000002943216e-06,0.0031816000000048916,0.0004557999999974527,0.0011579000000025985
0.15789820000000532,0.0014724999999984334,0.1370274000000009,0.0032068000000009533,0.0029041000000020745,0.00012050000000130012,0.0017137000000033709,2.799999997193936e-06,0.0032428000000024326,0.0003942000000023427,0.0015059999999991192
0.16246619999999723,0.0022638999999955445,0.14684030000000092,0.0031567000000052303,0.002717100000005246,0.00012759999999900629,0.001811099999997623,3.3000000030369847e-06,0.0027293000000057077,6.129999999870961e-05,0.0009140000000016357
0.17192690000000255,0.0009759000000002516,0.1521765999999971,0.0053929000000039196,0.0040217000000026815,0.00015400000000198588,0.0023778999999990447,3.399999997100167e-06,0.0024658999999971343,0.00010369999999682022,0.0020421000000041545
0.13620739999999643,0.0018512999999984459,0.12088529999999764,0.004253699999999583,0.003223200000000759,0.00013380000000040582,0.00186779999999942,2.7000000031307536e-06,0.0009597000000027833,5.080000000390328e-05,0.000884200000001556
0.1460499000000013,0.0011204999999989695,0.1321462000000011,0.003021400000001506,0.002765999999994051,0.00016169999999959828,0.002005399999994495,2.900000005467973e-06,0.0009411000000056902,6.150000000104683e-05,0.0011220000000022878
0.1624375000000029,0.0009853000000035195,0.1465661999999952,0.004251099999997621,0.003632899999999495,0.00014639999999843667,0.002228899999998646,2.9999999995311555e-06,0.001861199999993346,6.760000000127775e-05,0.0008599999999958641
0.1725859000000014,0.0011927000000042653,0.1528413999999998,0.006017100000001108,0.003509800000003338,0.00015030000000137989,0.0022288000000045827,2.8999999983625457e-06,0.0028501000000034082,0.00026609999999749334,0.0009017000000000053
0.19737540000000564,0.002162900000001855,0.177523800000003,0.004857699999995191,0.002859700000001908,0.00014800000000292357,0.002105100000001414,2.5999999948567165e-06,0.0022128999999964094,0.0001221999999998502,0.0013792999999964195
0.16147029999999774,0.001234599999996533,0.14399510000000504,0.00499950000000382,0.0037082999999995536,0.0001373999999998432,0.0018302000000005592,2.4000000067303517e-06,0.0022681000000019935,6.880000000109021e-05,0.0009254999999939173
0.18263699999999972,0.0014949999999984698,0.16475690000000043,0.005674100000000237,0.0033645999999976084,0.00017199999999917281,0.002296700000002261,2.600000001962144e-06,0.0010763000000011402,6.369999999833453e-05,0.0009946000000056188
0.18334720000000004,0.0014004000000014116,0.1660461999999967,0.0031648000000004117,0.002955099999994104,0.00012490000000298096,0.0017801999999988993,2.500000000793534e-06,0.0028153999999958046,0.00033830000000278915,0.001085199999998565
0.20816190000000034,0.004266199999996445,0.174892100000001,0.011403199999996616,0.004257100000003788,0.00024520000000194386,0.0031425999999967758,3.5999999994373866e-06,0.0038361999999949603,5.870000000385289e-05,0.003030600000002437
0.161786400000004,0.0018634999999989077,0.14084780000000308,0.006218799999999192,0.0035236000000011813,0.00019509999999911543,0.0021687000000056855,3.099999993594338e-06,0.003680199999998024,7.470000000608934e-05,0.0008716000000035251
0.23396029999999968,0.0014826999999968393,0.21311529999999834,0.005754899999999452,0.003887299999995264,0.00024340000000222517,0.0029669000000041024,3.2999999959315574e-06,0.002986199999995165,6.819999999407855e-05,0.0008209000000007904
0.1548402999999965,0.001308199999996873,0.13756929999999556,0.006646800000005726,0.003173199999999099,0.00017139999999926658,0.0018274000000033652,4.699999998081239e-06,0.00143849999999901,7.480000000015252e-05,0.0007941000000002418
0.2017468999999963,0.0012139000000033207,0.18613500000000016,0.004773399999997707,0.0036096999999983836,0.00017799999999823513,0.002014600000002531,2.3999999996249244e-06,0.0010619000000033907,5.999999999772854e-05,0.0007942000000014104
0.1482476000000048,0.0010069000000001438,0.13510810000000362,0.0035383999999965,0.0026379999999974757,0.00014150000000512364,0.0017489000000026067,2.600000001962144e-06,0.0011749000000023102,0.00012350000000083128,0.0008975999999947248
0.20494819999999692,0.0013184999999964475,0.18661449999999746,0.0056852999999961185,0.0038365999999996347,0.00020090000000294594,0.002480099999999652,2.9999999995311555e-06,0.0012754999999984307,8.150000000028967e-05,0.0009523000000015713
0.20779020000000514,0.0012003000000007091,0.18790089999999537,0.0060181999999997515,0.003437399999995705,0.000301200000002666,0.003359500000001958,3.1000000006997652e-06,0.002534199999999487,6.009999999889715e-05,0.0009702999999987583
0.14538369999999645,0.0015663000000003535,0.12677009999999456,0.00581770000000148,0.0036594999999977063,0.0001792999999992162,0.002466500000004146,3.1000000006997652e-06,0.001468100000003858,7.250000000169621e-05,0.0009213000000016791
0.2094914999999986,0.0013613999999932958,0.19188759999999405,0.005746899999998334,0.003492900000004795,0.00017400000000122873,0.002416699999997718,2.500000000793534e-06,0.0014082000000001926,5.780000000044083e-05,0.0008102000000036469
0.202582900000003,0.001751200000001063,0.18519000000000574,0.004809700000002692,0.003289200000004655,0.00017619999999851643,0.002742599999997708,2.799999997193936e-06,0.0018564000000012015,6.160000000221544e-05,0.0009005000000001928
0.16801229999999379,0.001468500000001427,0.15108389999999616,0.0053923999999980765,0.0029818000000005895,0.0001771000000019285,0.002925900000001036,3.3000000030369847e-06,0.0013255000000000905,0.00018349999999855982,0.0007476000000039562
0.18899300000000352,0.0009394000000000347,0.1687839000000011,0.006382299999998509,0.00339670000000325,0.0002021999999968216,0.0038282999999950107,4.400000001680837e-06,0.001760300000000825,0.00025049999999993133,0.0008475000000061073
0.19433130000000176,0.0015193000000053303,0.17222449999999867,0.005170599999999581,0.0028071999999994546,0.00015189999999876136,0.002095400000001746,2.500000000793534e-06,0.0012084999999970591,5.9000000000253294e-05,0.0015132999999991625
0.18320840000000516,0.0029936999999975455,0.16614609999999885,0.0049921999999966715,0.0028653999999974644,0.00016480000000029804,0.0023216999999959853,2.099999996119095e-06,0.0011626000000006798,5.589999999955353e-05,0.0008972999999983244
0.17194479999999857,0.0012439999999998008,0.1538831000000016,0.005439000000002636,0.0030077000000048315,0.0001679000000009978,0.0023431999999985464,2.199999997287705e-06,0.002614299999997627,9.399999999715192e-05,0.0010089999999962629
0.16149819999999693,0.0013167000000038342,0.14536879999999996,0.005112900000000309,0.0031746000000012486,0.00016460000000506625,0.0024434999999982665,2.300000005561742e-06,0.0013845000000003438,6.230000000329028e-05,0.0008553999999989514
0.1624180000000024,0.0012079999999983215,0.14342220000000339,0.005370100000000377,0.0031096999999959962,0.0001868000000015968,0.002949699999994948,3.200000001868375e-06,0.002233700000005001,0.00010829999999373285,0.0008436999999972272
0.17640749999999628,0.0011573999999967555,0.15788320000000056,0.005147600000000807,0.002978599999998721,0.0001771000000019285,0.0030889000000016154,2.9999999995311555e-06,0.0027072999999973035,7.109999999954653e-05,0.0008867999999964127
0.18329700000000315,0.0011526999999986742,0.16680430000000257,0.004485299999998915,0.0029765999999966652,0.0001867000000004282,0.003181699999998955,3.200000001868375e-06,0.0015919999999951528,6.580000000155906e-05,0.0008259000000023775
0.16361380000000025,0.001221600000000933,0.14734139999999485,0.004297999999998581,0.002693100000001891,0.00015940000000114196,0.002380000000002269,2.3999999996249244e-06,0.001509099999999819,6.690000000020291e-05,0.0008231999999992468
0.17693099999999617,0.0032752999999985377,0.15617060000000293,0.00623260000000414,0.003676699999999755,0.0004214999999945235,0.0035009999999999764,3.800000001774606e-06,0.0009008999999977618,8.090000000038344e-05,0.0007719999999977745
0.19801400000000058,0.0012114999999965903,0.17576050000000265,0.008434999999998638,0.004090800000000172,0.00021230000000116434,0.003401400000001331,3.900000002943216e-06,0.001669800000001942,8.309999999767115e-05,0.0008110999999999535
0.16567679999999996,0.00233270000000374,0.14786480000000068,0.005195900000003917,0.00283009999999706,0.00017580000000094742,0.003178200000000686,2.9999999995311555e-06,0.0014032999999997742,7.809999999608408e-05,0.0009534999999942784
0.1713718999999969,0.001092999999997346,0.15719860000000097,0.004530299999998988,0.002656799999996906,0.0001543000000054917,0.002370900000002507,2.3999999996249244e-06,0.001063299999998435,7.07999999960407e-05,0.0007694000000029177
0.1823539000000025,0.0009985000000014566,0.16361380000000025,0.006168399999999963,0.003476100000000315,0.00019809999999864658,0.003251599999998689,3.2999999959315574e-06,0.001840799999996534,7.219999999819038e-05,0.0007842999999994049
0.17241160000000377,0.0014983000000015068,0.15208750000000038,0.006437099999999418,0.003569399999996392,0.0005001999999976192,0.0028744000000031633,3.200000001868375e-06,0.0016953000000015095,7.359999999323463e-05,0.000827899999997328
0.1812831000000017,0.0016035000000016453,0.16716870000000483,0.003958799999999485,0.0029213999999981866,0.00015840000000366672,0.0024742000000017583,2.600000001962144e-06,0.00048589999999393285,0.00015280000000217342,0.000747799999999188
0.1633193999999989,0.001066999999999041,0.14621269999999953,0.005859899999997253,0.0035786999999984914,0.00017830000000174095,0.0028166999999967857,3.1000000006997652e-06,0.0006857999999994036,8.150000000028967e-05,0.0008429999999961524
0.18862989999999513,0.001187100000002772,0.1721955999999949,0.005793999999994526,0.0031588999999954126,0.00018279999999748497,0.0024788999999998396,2.2999999984563146e-06,0.0008854000000013684,5.780000000044083e-05,0.0009822999999968829
0.17681490000000366,0.001045699999998817,0.1537975999999972,0.0048965000000009695,0.010767500000000041,0.00015969999999754236,0.002238599999998314,2.2999999984563146e-06,0.0013272999999998092,5.870000000385289e-05,0.000737099999994939
0.18640570000000167,0.0010120999999969627,0.16722060000000027,0.006439899999996612,0.0035164999999963698,0.00046970000000357004,0.0029302999999956114,2.3999999996249244e-06,0.0019978999999992197,6.910000000459604e-05,0.0008137000000019157
0.21059360000000282,0.0011287999999964882,0.19751480000000043,0.004324700000005066,0.003214500000005671,0.00015989999999987958,0.0019691000000037207,1.6999999985500835e-06,7.099999997706163e-06,4.140000000063537e-05,0.0007751999999996428
0.1779134999999954,0.0008745000000018877,0.15958140000000043,0.004829499999999598,0.003633499999999401,0.00019369999999696574,0.0024985000000015134,2.099999996119095e-06,0.0026082999999985645,0.00020260000000149603,0.000823400000001584
0.219483799999999,0.0013047999999997728,0.1980403000000024,0.006089799999998036,0.003482599999998115,0.00020119999999934635,0.002377400000000307,2.1000000032245225e-06,0.0032743000000010625,6.70999999954347e-05,0.0009517000000016651
0.14078800000000058,0.0013610000000028322,0.1257204999999999,0.003941399999995099,0.00307420000000036,0.0001656000000025415,0.0019587000000029775,2.2999999984563146e-06,0.0009249000000011165,6.780000000361497e-05,0.0008315000000038708
0.20294179999999784,0.00115130000000363,0.18678740000000005,0.005234900000004927,0.00399439999999629,0.00019900000000205864,0.002095000000004177,1.7999999997186933e-06,7.400000001211993e-06,5.3399999998759995e-05,0.0007134000000021956
0.15486789999999928,0.0011034999999992579,0.1389362000000034,0.00439219999999807,0.0028639000000012516,0.00014779999999348092,0.0018345000000010714,1.900000000887303e-06,0.0018075999999993542,6.099999999520378e-05,0.0008735000000044124
0.18301329999999894,0.0017273000000059824,0.16167089999999718,0.006595199999999579,0.00470170000000536,0.0001756999999997788,0.002062200000004566,2.199999997287705e-06,0.0030244000000010374,8.470000000215805e-05,0.000854199999999139
0.1481310999999934,0.0012673000000020807,0.13530159999999825,0.0034549000000012597,0.0033837000000005446,0.00012919999999638776,0.0016528999999962934,1.7999999997186933e-06,7.700000004717822e-06,7.409999999907768e-05,0.0008173000000013531
0.13197329999999852,0.0010389999999986799,0.1200268000000051,0.0031378999999986945,0.002897599999997169,0.00013290000000409918,0.0016516000000024178,1.499999996212864e-06,0.0004820999999992637,5.589999999955353e-05,0.0008225999999993405
0.14876079999999803,0.0009246999999987793,0.13613039999999899,0.0032618000000042002,0.0026879000000050723,0.0015247999999985495,0.0016317999999984067,1.300000000981072e-06,5.29999999798747e-06,5.72000000005346e-05,0.0011164000000007945
0.14157730000000157,0.0008454999999969459,0.1252932999999956,0.005020799999996939,0.003944900000000473,0.0001813000000012721,0.002204800000001228,2.099999996119095e-06,0.0007368999999997072,7.550000000122736e-05,0.0009063000000040233
0.17108249999999714,0.001140099999993538,0.155836800000003,0.004666900000003693,0.004128299999997864,0.00019600000000252749,0.0021242999999984136,2.0000000020559128e-06,7.399999994106565e-06,6.390000000067175e-05,0.0007833999999959929
0.16231570000000062,0.001119299999999157,0.14711259999999982,0.0046907000000047105,0.004038700000002393,0.00017679999999842266,0.0021964000000025408,1.7999999997186933e-06,8.499999999855845e-06,6.839999999641577e-05,0.0008006999999992104
0.1420874000000012,0.0011542999999960557,0.1260066999999978,0.005152300000005994,0.004059299999994437,0.0001791999999980476,0.0020418000000006487,1.7999999997186933e-06,0.0005261999999959244,0.0001603999999986172,0.0008728999999974008
0.1622627999999935,0.0010674000000037154,0.14810920000000038,0.004548299999996175,0.0034391999999954237,0.00016339999999814836,0.002137300000001119,2.199999997287705e-06,8.000000022434506e-07,6.580000000155906e-05,0.0007945999999989795
0.14677149999999983,0.0013507999999973208,0.1354509999999962,0.00308239999999671,0.002628399999998976,0.00012470000000064374,0.001603699999996877,1.5000000033182914e-06,5.999999999062311e-07,4.9699999998154e-05,0.0008402000000060639
0.1681139000000016,0.0009367999999980725,0.15360640000000103,0.005581599999999298,0.003078299999998535,0.00017119999999692936,0.0021948999999992225,1.4000000021496817e-06,9.800000000836917e-06,5.870000000385289e-05,0.0007596000000020808
0.1823750000000004,0.001039599999998586,0.169104499999996,0.0038660999999962087,0.003282599999998581,0.0001565999999968426,0.0021252000000018256,1.5999999973814738e-06,6.599999998968542e-06,5.3799999996329007e-05,0.0008480999999989081
0.17611229999999978,0.0010163999999974749,0.16188630000000614,0.004788999999995269,0.003324299999995617,0.00018760000000384025,0.00221050000000389,1.499999996212864e-06,7.000000010748408e-07,5.3499999999928605e-05,0.0007932000000039352
0.1889183999999986,0.0009462000000013404,0.17711039999999656,0.003452100000004066,0.003010600000003194,0.0001466000000007739,0.0017312999999958834,1.7999999997186933e-06,8.000000022434506e-07,5.180000000137852e-05,0.0007297000000008325
0.1470893999999987,0.000988200000001882,0.1337488999999934,0.0042241999999959035,0.0031412000000017315,0.0001677999999998292,0.002272499999996569,1.6000000044869012e-06,6.900000002474371e-06,6.410000000300897e-05,0.0007501999999988129
0.13295659999999998,0.0009251000000034537,0.12062000000000239,0.003479200000001015,0.0031317000000044004,0.00014600000000086766,0.0016342999999992003,1.5999999973814738e-06,0.0005311999999975114,6.009999999889715e-05,0.0007435000000057812
0.14368620000000476,0.0009313999999989164,0.13056899999999416,0.00339020000000545,0.0032959999999988554,0.00014230000000026166,0.0016345000000015375,1.5000000033182914e-06,0.000658999999998855,6.649999999552847e-05,0.0008515000000031137
0.1489635000000007,0.0010489999999947486,0.13115419999999745,0.005973400000002016,0.00481189999999998,0.0007866999999990298,0.00223410000000257,1.4000000021496817e-06,6.499999997799932e-06,6.400000000184036e-05,0.0007793000000049233
0.18866140000000087,0.0010940000000019268,0.1716887999999983,0.005149500000001694,0.0036617999999961626,0.0002118999999964899,0.002725399999995659,1.7999999997186933e-06,0.0006960999999989781,7.379999999557185e-05,0.000862399999995489
0.13108199999999925,0.0013410999999976525,0.11740229999999485,0.0032563000000038755,0.0029724999999984902,0.00014649999999960528,0.0017264000000025703,2.300000005561742e-06,0.0014359999999982165,5.050000000039745e-05,0.000839500000004989
0.22716419999999715,0.00173600000000107,0.20820490000000547,0.0075704999999999245,0.0038441000000020153,0.00023310000000265063,0.002526600000003043,2.500000000793534e-06,0.0005682000000035714,6.469999999580978e-05,0.0007438999999962448
0.14591610000000088,0.0009384999999966226,0.13079549999999784,0.004848400000000197,0.003105900000001327,0.00018190000000117834,0.0017986000000007607,1.900000000887303e-06,0.0014471999999940977,6.929999999982783e-05,0.0007715000000061423
0.2376811000000032,0.00110610000000122,0.21807510000000008,0.009629800000006128,0.0030402000000009366,0.00022960000000438185,0.0024130999999982805,1.5000000033182914e-06,0.0008495999999951209,5.250000000245336e-05,0.0007286000000021886
0.17958689999999677,0.0008499999999997954,0.1592683000000008,0.006584099999997761,0.0041253000000054385,0.0002540999999993687,0.0030364000000062674,2.3999999996249244e-06,0.001340800000001252,9.090000000355758e-05,0.0008494999999939523
0.17988340000000136,0.0018571000000022764,0.16322789999999543,0.004851200000004496,0.0031266000000016447,0.00017640000000085365,0.002471700000000965,2.3999999996249244e-06,0.0012168999999957464,8.300000000360797e-05,0.00084560000000522
0.1614853000000025,0.0015550000000033037,0.1448864000000043,0.005527499999999463,0.003111499999995715,0.00019710000000117134,0.0026951999999980103,1.900000000887303e-06,0.0006258999999957382,6.609999999795946e-05,0.0010110999999994874
0.16645770000000226,0.0010644999999982474,0.1510360999999989,0.0043229000000053475,0.0035901999999978784,0.00016839999999973543,0.0020651000000029285,2.500000000793534e-06,0.0010468999999986295,0.0001221999999998502,0.00083529999999854
0.16215429999999742,0.001026799999998218,0.146175300000003,0.004536700000002725,0.0029319000000000983,0.0001813000000012721,0.0024994000000049255,2.3999999996249244e-06,0.0014904999999956203,7.360000000034006e-05,0.0008430000000032578
0.2024940000000015,0.0013603999999958205,0.17705649999999906,0.007182100000001412,0.003322099999998329,0.00021180000000242671,0.0030754000000001724,3.5999999994373866e-06,0.004919999999998481,0.0010052000000015937,0.0014059000000017363
0.1974474000000015,0.002407499999996787,0.17493220000000065,0.007443299999998487,0.004305799999997362,0.0003856999999953814,0.0032389999999935526,3.399999997100167e-06,0.00047200000000202635,0.0001523000000034358,0.0007615000000029681
0.17367540000000048,0.0013063999999971543,0.15562159999999636,0.005680999999995606,0.00287699999999802,0.00016519999999786705,0.0023848999999955822,2.7000000031307536e-06,0.002149400000000412,5.780000000044083e-05,0.001044399999997836
0.16357719999999887,0.0012161000000006084,0.1464986999999951,0.003747099999998227,0.002629199999994114,0.00015939999999403653,0.002225000000002808,3.1000000006997652e-06,0.0013858000000013249,0.00010819999999966967,0.001536700000002611
0.15716670000000477,0.0033195999999975356,0.14081410000000005,0.003695000000000448,0.0027916000000018926,0.00015379999999964866,0.002194099999996979,2.8999999983625457e-06,0.0008459999999956835,6.890000000225882e-05,0.0012096999999968716
0.15632519999999772,0.0008519000000006827,0.13994550000000316,0.005019799999999464,0.0033718999999976518,0.00043429999999489155,0.00253470000000533,3.1000000006997652e-06,0.0010335000000054606,0.00011779999999816937,0.0009249000000011165
0.19408909999999935,0.0011568000000039547,0.18026809999999927,0.003986099999998771,0.0027735999999976,0.00014479999999394977,0.002034099999995931,2.5999999948567165e-06,0.0015003999999976259,6.150000000104683e-05,0.0007249000000015826
0.15477560000000068,0.0008932000000001494,0.13984310000000022,0.004353299999998228,0.003203900000002591,0.00016749999999632337,0.0021964000000025408,2.600000001962144e-06,0.0009654999999995084,7.390000000384589e-05,0.0007714999999990368
0.2024711000000039,0.0010921000000010395,0.17858019999999897,0.006316400000002886,0.003951399999998273,0.00021100000000018326,0.00299580000000077,3.7000000006059963e-06,0.003993600000001152,0.000549400000004141,0.0014077999999955182
0.20904219999999896,0.0017251000000015893,0.19131250000000222,0.005050900000000524,0.0030922999999987155,0.0001758999999950106,0.0021938000000005786,2.3999999996249244e-06,0.002886600000003625,6.410000000300897e-05,0.0007761000000030549
0.1780438999999987,0.0010968000000062261,0.1607595000000046,0.004153700000003369,0.003289999999999793,0.00015549999999819875,0.002265400000005968,2.500000000793534e-06,0.002472499999996103,0.00040140000000121745,0.0008162999999967724
0.23330680000000115,0.0017008000000018342,0.2093354000000005,0.004851500000000897,0.002831399999998041,0.00018949999999762213,0.00242240000000038,2.7000000031307536e-06,0.006382299999998509,8.569999999963329e-05,0.0019069999999956622
0.21036499999999592,0.0020574999999993793,0.1818746999999945,0.008910200000002533,0.004767700000002151,0.0002595999999996934,0.004310600000003717,3.800000001774606e-06,0.004159700000002431,8.690000000655118e-05,0.0008912999999992621
0.19718329999999895,0.0022361999999986892,0.1758349999999993,0.006023800000001245,0.005138000000002307,0.0002214000000009264,0.0030493000000006987,3.200000001868375e-06,0.0018658000000044694,6.600000000389628e-05,0.0009167999999988297
0.1743827999999965,0.0011386000000044305,0.15585810000000322,0.006503099999996209,0.003232800000006364,0.00019530000000145264,0.0027349000000000956,2.7000000031307536e-06,0.001743799999999851,0.00015489999999829251,0.0008854000000013684
0.1901533999999998,0.0010071999999965442,0.1695214000000007,0.005268899999997245,0.003027699999996969,0.00018459999999720367,0.002726099999996734,2.799999997193936e-06,0.0037964999999999804,6.059999999763477e-05,0.0015150999999988812
0.15954479999999904,0.0011217999999999506,0.13699700000000092,0.0068683000000007155,0.0035220000000038,0.0002420000000000755,0.003183599999999842,3.2999999959315574e-06,0.003003599999999551,8.790000000402642e-05,0.000982100000001651
0.1587512999999987,0.001444599999999241,0.14216720000000294,0.004085299999999847,0.002884300000005169,0.00014079999999694337,0.001976999999996565,2.3999999996249244e-06,0.0025012999999987073,0.00016919999999487345,0.0008450999999993769
0.21844440000000276,0.0015987999999964586,0.19947219999999533,0.007224399999998354,0.003780499999997744,0.00019539999999551583,0.002944499999998129,3.1000000006997652e-06,0.0005875000000017394,5.860000000268428e-05,0.0007633000000026868
0.17524869999999737,0.0011280000000013501,0.14545770000000147,0.009477699999997924,0.004838200000001791,0.00024470000000320624,0.0036800999999968553,4.300000000512227e-06,0.005123600000004558,0.00017239999999674183,0.0013731000000021254
0.2082456999999991,0.0018088999999932298,0.18894740000000354,0.006755500000004133,0.0036401999999995382,0.00016829999999856682,0.002404800000000762,3.3000000030369847e-06,0.0013389000000003648,0.00013679999999993697,0.0008648000000022193
0.1912830999999997,0.0013004999999992606,0.17199790000000093,0.006006100000000458,0.003525799999998469,0.0002019000000004212,0.003314299999999548,3.7000000006059963e-06,0.0021240999999960763,9.599999999920783e-05,0.0007968999999974358
0.18543470000000184,0.0017418999999989637,0.16593859999999694,0.0057935000000028936,0.0035337999999995873,0.00020889999999695874,0.003189700000000073,9.399999996162478e-06,0.0016934000000006222,9.230000000570726e-05,0.00098729999999847
0.14497089999999702,0.0014960000000030504,0.125107799999995,0.0032986999999948807,0.002892500000001519,0.00013059999999853744,0.0016523999999975558,4.0000000041118255e-06,0.003187099999998111,0.0005202999999980307,0.003776200000004337
0.16876299999999844,0.001355600000003676,0.15295220000000143,0.004896499999993864,0.0039696000000049025,0.00016850000000090404,0.00220189999999576,2.7000000031307536e-06,0.000598700000004726,6.419999999707215e-05,0.0007349000000047567
0.19458499999999646,0.0011154999999973825,0.17859690000000228,0.00434940000000239,0.002920100000004311,0.00015539999999703014,0.0021687000000056855,2.6999999960253263e-06,0.002162399999996012,0.00017139999999926658,0.0008541000000050758
0.21248460000000335,0.0018231999999969162,0.19351730000000344,0.006115999999998678,0.0031630999999947562,0.00019439999999804058,0.0026431000000002314,3.1000000006997652e-06,0.0017801999999988993,5.709999999936599e-05,0.0007923000000005231
0.1320022000000023,0.0011099000000029946,0.11506880000000308,0.0040957000000005905,0.0030236999999999625,0.0001581000000001609,0.0026416999999980817,3.500000005374204e-06,0.0023843000000027814,7.819999999725269e-05,0.0008815999999995938
0.22450529999999702,0.003013799999997957,0.20829109999999673,0.003734700000002533,0.0029224999999968304,0.0001220999999986816,0.001666100000001336,2.500000000793534e-06,0.0018762999999992758,5.8699999996747465e-05,0.0010168000000021493
0.17684739999999977,0.0011760999999950172,0.15613739999999865,0.006414399999997045,0.004088600000002884,0.0001735000000024911,0.002496999999998195,2.9999999995311555e-06,0.0029268999999985112,0.0001087999999995759,0.0008178000000000907
0.24176819999999566,0.0016736000000037166,0.2157379000000006,0.008120399999995698,0.0036242999999984704,0.00024080000000026303,0.003181200000000217,3.500000005374204e-06,0.005006399999999189,6.469999999580978e-05,0.0012538000000006377
0.1911625999999984,0.0018194999999963102,0.17187009999999958,0.0067971,0.0032726999999965756,0.00019340000000056534,0.002612299999995571,3.000000006636583e-06,0.0014247000000011667,9.430000000065775e-05,0.0010070000000013124
0.1559795999999949,0.00113110000000205,0.13810430000000196,0.006069199999998887,0.003307599999999411,0.00019340000000056534,0.003392600000005075,3.699999993500569e-06,0.001039599999998586,7.139999999594693e-05,0.0007603999999972189
0.19537489999999735,0.0010394000000033543,0.17657119999999793,0.0065248000000011075,0.003208999999998241,0.0001813999999953353,0.002381499999998482,2.500000000793534e-06,0.0022542000000029816,0.00012140000000471218,0.0008593999999959578
0.18127310000000563,0.0014383999999978414,0.16386649999999747,0.005381999999997333,0.0031680999999963433,0.00019839999999504698,0.00255109999999803,2.600000001962144e-06,0.0014159999999989736,6.580000000155906e-05,0.0008940999999964561
0.18409669999999778,0.0011916000000056215,0.16236390000000256,0.006542899999999463,0.0035334000000020183,0.00020560000000102718,0.004075000000000273,4.300000000512227e-06,0.0025185999999948194,0.00010770000000093205,0.0008273999999985904
0.17793560000000497,0.0013616999999968016,0.16131169999999884,0.004727100000003759,0.0028956000000022186,0.00018370000000089703,0.003487200000002133,4.099999998175008e-06,0.0011336000000028434,7.020000000323989e-05,0.0007793999999989865
0.19429470000000038,0.0010795999999970718,0.17684609999999878,0.004607300000003534,0.0037035000000003038,0.00017300000000375348,0.0021989000000033343,2.3999999996249244e-06,0.002702700000000391,0.00014190000000269265,0.0008073000000052843
0.18517699999999593,0.001143500000004849,0.16616439999999955,0.005720900000000029,0.003582100000002697,0.00018779999999907204,0.003382500000000732,3.4000000042055945e-06,0.002039600000003361,6.46000000017466e-05,0.0007510000000010564
0.1812365999999983,0.0014103000000034172,0.16552130000000176,0.004730200000004459,0.0035894000000027404,0.00017539999999627298,0.0023982000000017933,3.3000000030369847e-06,0.0006052999999965891,7.209999999702177e-05,0.0007420000000024629
0.20586939999999743,0.001427500000005466,0.18290650000000142,0.006826499999995406,0.003855399999999065,0.0002387999999982071,0.0032773000000005936,3.5999999994373866e-06,0.0037748000000021875,7.750000000328328e-05,0.0010979999999989332
0.19703499999999963,0.0014876999999984264,0.17082469999999716,0.0085550000000012,0.004573900000004016,0.0003106999999999971,0.004474200000004203,4.39999999457541e-06,0.0032513999999963517,8.239999999659631e-05,0.0008880000000033306
0.16991870000000375,0.0016046000000002891,0.1495987999999997,0.0041778000000007864,0.0028604000000029828,0.0003849000000002434,0.0032283000000035145,3.399999997100167e-06,0.004744000000002302,9.519999999696438e-05,0.0009321999999940545
0.19400629999999808,0.0013746999999995069,0.16688339999999613,0.007117099999994991,0.0044091999999977816,0.00024109999999666343,0.0037535000000019636,3.900000002943216e-06,0.004311200000003623,0.0007838999999947305,0.0011027000000041198
0.18187209999999965,0.0019776000000035765,0.16527609999999981,0.0034175999999987994,0.003156500000002893,0.00012899999999405054,0.0017484999999979323,2.2000000043931323e-06,0.0033679000000006454,0.00018359999999972842,0.0007871000000037043
0.20400020000000296,0.0010678999999953476,0.1875318999999962,0.004543400000002862,0.003135999999997807,0.00016329999999697975,0.0021807999999978733,2.500000000793534e-06,0.00186130000000162,5.8199999998009844e-05,0.0008448000000029765
0.20586899999999986,0.0012873999999953867,0.18772690000000125,0.0055410999999949695,0.00352370000000235,0.00017100000000169757,0.0025836999999953036,2.600000001962144e-06,0.0019041999999984682,5.700000000530281e-05,0.0009239000000036413
0.18093700000000013,0.0019429999999971415,0.16355130000000173,0.004358099999997478,0.0030594999999991046,0.0004486999999997465,0.002422600000002717,2.2000000043931323e-06,0.002327700000002153,6.890000000225882e-05,0.0007462000000018065
0.14923149999999907,0.0012720000000001619,0.13007939999999962,0.005222600000003297,0.0032408000000003767,0.00018239999999991596,0.0027530999999996197,2.8999999983625457e-06,0.0033107000000001108,6.849999999758438e-05,0.0007973999999961734
0.19451009999999513,0.0011025000000017826,0.17724119999999743,0.005049700000000712,0.003603499999996984,0.00018140000000244072,0.0025505999999992923,2.7000000031307536e-06,0.001545800000002373,6.86999999999216e-05,0.0010259000000019114
0.18251859999999454,0.001083500000000015,0.16363770000000244,0.005740500000001703,0.0038070999999959554,0.000415400000001398,0.0025943000000054894,2.5999999948567165e-06,0.001856300000000033,8.01999999993086e-05,0.0008969999999948186
0.1835938999999982,0.0014673000000016145,0.16638410000000192,0.003811100000000067,0.0029565999999974224,0.00018769999999790343,0.0029706000000047084,2.5999999948567165e-06,0.0029493999999985476,6.340000000193413e-05,0.0007646000000036679
0.20485399999999743,0.0012255000000038763,0.1926129000000003,0.0035670000000038726,0.002656199999997,0.00013870000000082428,0.0023741000000043755,2.099999996119095e-06,7.099999997706163e-06,4.8100000000772525e-05,0.0007842999999994049
0.16015409999999974,0.0008610000000004447,0.13920930000000453,0.0047971000000046615,0.00399510000000447,0.00020879999999579013,0.0028835999999969886,3.499999998268777e-06,0.0024039999999985184,0.000945399999999097,0.0010060000000038372
0.18194210000000055,0.0016068999999987454,0.1674389000000005,0.0034292000000064604,0.0027378999999996267,0.00014219999999909305,0.002272699999998906,2.500000000793534e-06,0.001639799999999525,0.00012480000000181235,0.0007662000000010494
0.1884950000000032,0.0009427999999971348,0.1687808000000004,0.005896300000003407,0.0048475999999979535,0.00020469999999761512,0.002814499999999498,3.2999999959315574e-06,0.0017415000000013947,7.839999999958991e-05,0.0007765000000006239
0.18485610000000463,0.0017055999999939786,0.16470040000000097,0.004587099999994848,0.0028605000000041514,0.0001637000000016542,0.0022566999999966697,2.7000000031307536e-06,0.00437029999999794,0.0002635999999966998,0.0008595999999982951
0.20271659999999514,0.001994600000003288,0.18777120000000025,0.0038089999999968427,0.0026634999999970432,0.00014219999999909305,0.0021598000000011552,2.6999999960253263e-06,0.0013756999999969821,5.200000000371574e-05,0.0009318000000035909
0.18123419999999868,0.0009580999999982964,0.1624730999999997,0.005185599999997237,0.0034042000000056305,0.0001847999999995409,0.0025654000000017163,2.799999997193936e-06,0.003197199999995348,7.000000000090267e-05,0.0008720999999951573
0.2056560999999988,0.0016614000000032547,0.1865936000000019,0.005284899999999482,0.0035692999999952235,0.0017040000000037026,0.0025867999999960034,2.8000000042993634e-06,0.0014324999999999477,6.120000000464643e-05,0.000782400000005623
0.18703250000000082,0.0013603000000017573,0.16892259999999482,0.004891199999995877,0.003702799999999229,0.00018800000000140926,0.0030746999999990976,3.7999999946691787e-06,0.0019141000000004738,8.909999999673346e-05,0.000759299999998575
0.18284500000000037,0.002203500000000247,0.16464260000000053,0.004567999999999017,0.0036124999999955776,0.00019139999999850943,0.0029453000000003726,2.9999999995311555e-06,0.0017860000000027298,5.9900000003665355e-05,0.0008375999999969963
0.19513289999999728,0.001470500000003483,0.17242530000000045,0.006638500000001102,0.0046979999999976485,0.00024159999999540105,0.0032735999999999876,2.7000000031307536e-06,0.003422100000001649,8.330000000000837e-05,0.000775299999993706
0.18000239999999934,0.0012018000000040274,0.15890610000000294,0.005042799999998238,0.004407700000001569,0.00017459999999402953,0.002435299999994811,3.4000000042055945e-06,0.0018913999999981002,8.92000000050075e-05,0.0011330999999970004
0.20230059999999384,0.0014758000000014704,0.17892709999999568,0.006076199999995424,0.0039930000000012456,0.00019929999999845904,0.002859199999996065,3.7000000006059963e-06,0.004668900000005749,0.0005191999999993868,0.0012575000000012437
0.24972640000000013,0.0022019999999969286,0.22005860000000155,0.013069599999994352,0.004590499999999054,0.0002665000000021678,0.0038049999999998363,3.5999999994373866e-06,0.0028279999999938354,0.00012079999999770052,0.0008548000000061506
0.16620910000000322,0.001558000000002835,0.14203150000000164,0.006784099999997295,0.004022200000001419,0.00020080000000177733,0.0026386000000044874,2.6999999960253263e-06,0.004446199999996736,0.000567799999998897,0.0011239000000031751
0.21601150000000047,0.003745099999996171,0.18693969999999638,0.005381399999997427,0.004718999999994367,0.00020549999999985857,0.0033152000000029602,1.8199999999524152e-05,0.005880500000003508,0.0015147000000013122,0.000908500000001311
0.1589863999999963,0.0015253999999984558,0.1421204999999972,0.004077999999999804,0.0030412999999995805,0.00015229999999633037,0.0021107000000029075,2.7000000031307536e-06,0.002908300000001418,6.179999999744723e-05,0.0008809999999996876
0.2171547000000018,0.00128480000000053,0.2032547999999963,0.0031379000000058,0.0026549999999971874,0.0001200000000025625,0.0017872000000025423,2.199999997287705e-06,0.002365199999999845,5.4300000002172055e-05,0.0007567000000037183
0.19639159999999833,0.001108599999994908,0.17987020000000342,0.00518809999999803,0.0035384000000036053,0.00019569999999902166,0.0025703000000021348,2.5999999948567165e-06,0.0009786999999974455,7.339999999800284e-05,0.0008154000000004658
0.20439590000000152,0.0012837000000018861,0.1823592000000005,0.005714599999997461,0.0037599999999997635,0.00019000000000346517,0.0024815000000018017,2.199999997287705e-06,0.00396530000000439,0.00013810000000091804,0.0010867000000018834
0.23386930000000206,0.0018996000000015556,0.2088041999999959,0.007825699999997937,0.0037060000000010973,0.0002265000000036821,0.0031632999999970934,2.900000005467973e-06,0.002731099999998321,0.00011500000000097543,0.0008572999999998387
0.17767659999999807,0.001593800000001977,0.16107089999999857,0.0035759999999953607,0.0038944000000000756,0.00014159999999918682,0.0022508999999999446,2.3999999996249244e-06,0.002272099999999,7.219999999819038e-05,0.00085550000000012
0.19089920000000404,0.0010763999999952034,0.16711189999999476,0.005406499999999426,0.0033651999999975146,0.00016540000000020427,0.0021813000000037164,2.2999999984563146e-06,0.006031399999997689,0.0005999000000045385,0.0018873999999939883
0.19540119999999916,0.0016054999999965958,0.17218239999999696,0.005070799999998599,0.003195499999996798,0.00012680000000386826,0.0021118000000015513,2.799999997193936e-06,0.004131299999997395,6.199999999978445e-05,0.0015335000000007426
0.19291640000000143,0.005851700000000903,0.17120069999999998,0.0048069000000054984,0.0035262000000031435,0.00017950000000155342,0.0027271999999953778,2.8999999983625457e-06,0.0014250999999987357,6.589999999562224e-05,0.000874400000000719
0.2013007999999985,0.0012213999999985958,0.18060459999999523,0.005948899999999924,0.0035488999999984117,0.00017260000000618447,0.002573199999993392,2.7000000031307536e-06,0.003151299999998969,6.539999999688462e-05,0.0007894999999962238
0.15579099999999357,0.0012947000000025355,0.14135899999999424,0.003623099999998658,0.002604699999999127,0.0001445000000046548,0.002034200000004205,2.6999999960253263e-06,0.0019083000000037487,6.609999999795946e-05,0.0007951999999988857
0.1929444000000018,0.0022002000000043154,0.17537399999999792,0.004264700000000232,0.0027491000000026133,0.00026540000000352393,0.002697699999998804,2.3999999996249244e-06,0.0013061000000007539,0.0001144000000010692,0.0014050999999994929
0.18205739999999793,0.0026247000000054754,0.1604922000000002,0.004438200000002723,0.0028170999999943547,0.00016329999999697975,0.0022636999999932073,2.3999999996249244e-06,0.0045826000000062095,0.0004101999999974737,0.0010953000000029078
0.17354069999999666,0.0031293999999988387,0.15391819999999967,0.003332600000000241,0.003692999999998392,0.00014020000000414257,0.0019145000000051482,2.4999999936881068e-06,0.003457199999999716,0.0002039000000024771,0.0009838000000002012
0.16312779999999805,0.0017070000000032337,0.14873370000000108,0.002411199999997393,0.0028937000000013313,0.00010790000000326927,0.0018938000000048305,2.2999999984563146e-06,0.0019844999999989454,0.00022760000000232594,0.0009098999999963553
0.2030586999999997,0.0020644000000018536,0.16582079999999877,0.00641059999999527,0.004208299999994836,0.0002001000000007025,0.002988399999999558,3.200000001868375e-06,0.014233600000004287,0.000133899999994469,0.0024441999999993413
0.19264520000000118,0.002691999999996142,0.17601150000000132,0.004796900000002324,0.002799500000001842,0.00013119999999844367,0.0017734999999987622,1.900000000887303e-06,0.0016691000000008671,6.150000000104683e-05,0.0008026000000000977
0.19172100000000114,0.001262599999996894,0.17286919999999384,0.005223399999998435,0.003284900000004143,0.00018659999999925958,0.0022809000000023616,2.3999999996249244e-06,0.003346199999995747,0.00011239999999901329,0.0007996999999946297
0.1954372999999947,0.001972399999999652,0.17261429999999933,0.006351299999998616,0.0034782999999976028,0.00020939999999569636,0.002700399999994829,2.9999999995311555e-06,0.00458940000000041,6.150000000104683e-05,0.0009632000000010521
0.19422269999999742,0.0020226000000036493,0.16871260000000632,0.005317499999996755,0.0029892000000018015,0.0014619000000024585,0.0030046000000041317,2.6999999960253263e-06,0.002936499999997011,0.00013290000000409918,0.002400399999999081
0.2124998999999974,0.003130599999998651,0.18555849999999907,0.006667200000002538,0.004161200000005749,0.0002573000000012371,0.003663899999999387,3.800000001774606e-06,0.003933199999998749,0.00043140000000363443,0.0010732000000004405
0.1976319999999987,0.0020047000000005255,0.1783949000000007,0.005718000000001666,0.0029165000000048735,0.0001658999999989419,0.002228199999997571,2.099999996119095e-06,0.00280819999999693,0.000122399999995082,0.0008479999999977395
0.14654819999999802,0.0013689000000027818,0.1297858000000005,0.0035972000000015214,0.0029052000000007183,0.00016389999999688598,0.002445299999997985,2.7000000031307536e-06,0.003192499999997267,9.699999999668307e-05,0.0008416000000011081
0.1943309000000042,0.002279199999996706,0.17196870000000075,0.006525699999997414,0.004042900000001737,0.00018389999999612883,0.002425499999993974,2.7000000031307536e-06,0.0027359000000046763,0.00040119999999888023,0.0009252000000046223
0.19589320000000043,0.002037099999995462,0.175457999999999,0.005632099999999696,0.004444400000004123,0.00020440000000121472,0.002742200000000139,2.8000000042993634e-06,0.0018878999999998314,6.940000000099644e-05,0.000869000000001563
0.20686779999999771,0.0012403000000063003,0.19146159999999668,0.0032280000000000086,0.003532200000002206,0.00013009999999979982,0.0016336000000052309,2.2999999984563146e-06,0.002464100000004521,6.009999999889715e-05,0.000816500000006215
0.23430609999999774,0.00143030000000266,0.2098276000000041,0.005073499999994624,0.0032554999999945267,0.00016119999999375523,0.00254729999998915,2.599999987751289e-06,0.005984900000001403,0.0008789000000035685,0.001967399999998065
0.16777270000000044,0.001671500000000492,0.14431500000000597,0.006118299999997134,0.0033488999999917723,0.00018950000000472755,0.003216499999993516,3.699999993500569e-06,0.003975399999987417,0.0007948000000084221,0.0015640999999959604
0.20519290000000012,0.0016613000000091915,0.18398409999998933,0.006130299999995259,0.0036194999999992206,0.00017830000000174095,0.0024252999999987424,2.6999999960253263e-06,0.004020900000000438,5.940000001203316e-05,0.0008595000000042319
0.16600909999999658,0.0015558000000055472,0.14910569999999268,0.0031895999999989044,0.003243499999996402,0.00011109999999803222,0.0013557999999989079,1.6999999985500835e-06,0.0034741999999994277,6.450000000768341e-05,0.0013006000000075346
0.1629706000000084,0.0018476999999990085,0.14183439999999337,0.004804199999995262,0.004487799999992603,0.00015179999999759275,0.0020649000000076967,2.8999999983625457e-06,0.004031799999992813,8.680000000538257e-05,0.0009180999999927053
0.20175449999999273,0.0021016999999972086,0.18468169999999873,0.0044263999999998305,0.004189799999991806,0.00011280000001079316,0.0016652999999990925,2.8000000042993634e-06,0.0029455000000098153,6.859999999164756e-05,0.0008074999999934107
